pair,date,high,low,open,close,volume
USDT_BTC,1622548800,97.08831168844584,92.23389610402354,95.37272191610668,94.22330920326824,122194005
USDT_BTC,1622545200,101.95883107428918,96.86088952057472,99.39739887989448,99.71865735774759,90812462.85
USDT_BTC,1622541600,99.94930554726609,94.95184026990279,98.19114898466007,98.4917319938712,101992700.9
USDT_BTC,1622538000,100.51231770397207,95.48670181877347,98.40362905034127,97.18930406233667,98565251.35
USDT_BTC,1622534400,101.19424065523503,96.13452862247328,99.09060299937357,98.84396690986236,210515123.7
USDT_BTC,1622530800,101.87771081722117,96.7838252763601,98.19780738272505,98.61880990433178,100313042.7
USDT_BTC,1622527200,97.10423833540483,92.24902641863459,94.16107218049316,94.36874377152297,111290611.2
USDT_BTC,1622523600,103.45724339110465,98.28438122154942,100.96736337839118,100.39252728994708,96537837.28
USDT_BTC,1622520000,102.68494546722519,97.55069819386392,100.01481085504462,99.85484203544266,64976976.77
USDT_BTC,1622516400,102.26264031686792,97.14950830102451,98.61500676350573,99.66874374260765,116905766.8
USDT_BTC,1622512800,103.77433914251286,98.58562218538721,101.66487785489534,101.69587026303068,113551230.2
USDT_BTC,1622509200,102.2857313135761,97.17144474789728,98.67028112201079,99.82434303209979,118173642.8
USDT_BTC,1622505600,102.0243612445579,96.92314318233,99.71485632787785,99.30920031832594,196926607.5
USDT_BTC,1622502000,98.04621729057664,93.14390642604779,95.11816678625686,94.77673431485594,98660484.55
USDT_BTC,1622498400,98.13056231749661,93.22403420162178,95.55382951095777,96.2883823681312,86091105.8
USDT_BTC,1622494800,101.01512282413275,95.9643666829261,98.90386892596135,97.98955877542399,54590957.95
USDT_BTC,1622491200,101.21961551560703,96.15863473982668,98.4461981284278,98.776239372964,62422937.08
USDT_BTC,1622487600,104.17127643051917,98.96271260899321,101.40885997221123,101.01514035168304,72040569.56
USDT_BTC,1622484000,99.30808004830146,94.34267604588638,97.60527156216634,96.5393473079874,70542843.95
USDT_BTC,1622480400,101.1044818524201,96.04925775979909,98.07427406246047,98.44618646004228,147660645
USDT_BTC,1622476800,101.38284526625421,96.3137030029415,98.71559620834994,98.82041863936573,234665903
USDT_BTC,1622473200,102.85212468842882,97.70951845400737,100.19311357311764,100.73395704411037,153858395.1
USDT_BTC,1622469600,103.47193060232223,98.29833407220612,100.3321657485547,100.24665718005737,158281846.4
USDT_BTC,1622466000,102.17376525660808,97.06507699377767,99.16366130897981,98.86396162340074,185178921.1
USDT_BTC,1622462400,98.94700042605929,93.99965040475632,95.70523415172431,95.77352039185237,186290637
USDT_BTC,1622458800,98.82099221163743,93.87994260105556,95.83767915034007,96.4310912581805,190891250.1
USDT_BTC,1622455200,100.04369779265099,95.04151290301843,96.83853256956013,97.43580569598191,320451182.7
USDT_BTC,1622451600,103.12452961643277,97.96830313561112,100.8217131022419,100.09834841141712,157177579.6
USDT_BTC,1622448000,104.31583253393828,99.10004090724136,101.78551406353199,102.1884062205455,168933078.3
USDT_BTC,1622444400,100.03871995018267,95.03678395267353,96.94356252288529,97.44773831884059,213849731.4
USDT_BTC,1622440800,104.19145480546018,98.98188206518716,101.48736801662521,101.32577855053304,137432996.9
USDT_BTC,1622437200,100.94723881238289,95.89987687176374,99.34375613162565,97.93187104169604,121336201.3
USDT_BTC,1622433600,101.31324529963626,96.24758303465444,97.96195646049956,98.68240986832195,92043491.16
USDT_BTC,1622430000,98.10112726703653,93.1960709036847,95.29785538181117,96.27297632518341,118597529.7
USDT_BTC,1622426400,101.58186920303115,96.50277574287958,98.3408457993485,99.33108058845883,133842135.9
USDT_BTC,1622422800,94.18441949167237,89.47519851708876,92.22206293798642,91.57239976091891,121477337.4
USDT_BTC,1622419200,98.7347531564377,93.79801549861581,97.15148417753822,96.61030350133322,119729973.9
USDT_BTC,1622415600,95.98299916093065,91.1838492028841,93.60186795504127,93.23632374446561,57169174.33
USDT_BTC,1622412000,94.43357038637721,89.71189186705834,92.11179394019707,91.84319664217007,61845441.63
USDT_BTC,1622408400,96.86759413442186,92.02421442770077,94.55867744340784,93.743474508982,55731642.82
USDT_BTC,1622404800,95.24889646046975,90.48645163744627,92.92844711483406,93.15474265143332,103664608.3
USDT_BTC,1622401200,96.20374393901213,91.39355674206152,93.5426879077167,93.43507666326869,58120993.68
USDT_BTC,1622397600,95.55417500732025,90.77646625695424,92.9928997039055,93.31087794786549,107074483
USDT_BTC,1622394000,98.99854809316471,94.04862068850647,96.1867501012227,96.37478501227534,78456527.12
USDT_BTC,1622390400,94.12989843835255,89.42340351643492,91.22896531505266,91.25515235824047,105816196.1
USDT_BTC,1622386800,90.97883972547844,86.4298977392045,88.04314432254377,89.25775761977954,78381085.58
USDT_BTC,1622383200,92.64666470842086,88.01433147299981,89.83037509450355,90.26755462548377,111352590.4
USDT_BTC,1622379600,89.27184563632537,84.80825335450909,86.81878718238424,87.72937625908418,100905892
USDT_BTC,1622376000,92.7496706803117,88.11218714629611,90.4612899283323,89.39726322801987,173937486.5
USDT_BTC,1622372400,89.16874014926906,84.7103031418056,86.95725052662185,87.47962500266382,145323843.4
USDT_BTC,1622368800,87.08148197375372,82.72740787506604,85.22055158636101,84.7049775955198,98745851.24
USDT_BTC,1622365200,86.02970252723419,81.72821740087248,83.7899130002347,83.46430336652399,76117938.65
USDT_BTC,1622361600,86.00987082838586,81.70937728696656,83.30638447816752,83.19960918367347,118728731.2
USDT_BTC,1622358000,87.88579257388633,83.49150294519201,85.70490953119436,85.63335177093994,146548011.3
USDT_BTC,1622354400,85.9719704159426,81.67337189514546,84.05247389512967,83.22095315001225,166608363.9
USDT_BTC,1622350800,87.11715748578739,82.76129961149802,84.7074746021608,84.67652979462765,145924860.6
USDT_BTC,1622347200,82.94608007369827,78.79877607001335,80.83618228762363,80.93942990939524,125181274.2
USDT_BTC,1622343600,84.88321620656481,80.63905539623657,82.34728174696465,82.99818168996126,101174774.5
USDT_BTC,1622340000,80.05129756925342,76.04873269079074,77.59631439206706,77.78411219722386,89074825.43
USDT_BTC,1622336400,82.66374654042713,78.53055921340577,80.42534905914052,81.27361997712772,91097967.23
USDT_BTC,1622332800,79.89724804574485,75.9023856434576,77.58120435758279,77.38574334129433,205012385.1
USDT_BTC,1622329200,79.11414287105262,75.15843572749999,77.13120519035272,77.01281777903827,131158843.1
USDT_BTC,1622325600,77.6403811963603,73.75836213654227,75.79088474118224,75.60835501338383,83879883.12
USDT_BTC,1622322000,78.11151347893384,74.20593780498714,75.56432701151847,76.08681217933747,114348571.5
USDT_BTC,1622318400,74.96972439509987,71.22123817534488,73.10563020352632,72.89141756928016,158829092.6
USDT_BTC,1622314800,76.75404733945568,72.91634497248289,73.88941323479885,75.4488976648936,140430109.2
USDT_BTC,1622311200,76.49806109195218,72.67315803735457,74.53795814611313,74.59823712663203,185151195.2
USDT_BTC,1622307600,73.15749193703299,69.49961734018133,71.09596590739781,71.95259431606945,205825824.2
USDT_BTC,1622304000,71.16850033054779,67.61007531402039,69.2518945568141,68.9537132802051,214037791.7
USDT_BTC,1622300400,68.50508523925865,65.07983097729571,66.54447661205036,67.00526364143238,330081680
USDT_BTC,1622296800,66.94211158162354,63.595006002542355,65.42449893464229,65.02948616233311,215487178.6
USDT_BTC,1622293200,69.8691865354368,66.37572720866496,67.79340735837984,67.69119321408883,274765199.4
USDT_BTC,1622289600,70.2971624722898,66.78230434867531,68.75804050566353,68.43770999911031,173866115.8
USDT_BTC,1622286000,69.73410124230696,66.24739618019161,68.31261174609715,67.60595969934215,216141324.8
USDT_BTC,1622282400,62.72569999014423,59.58941499063702,61.393066276265124,61.3963975038589,117187091.3
USDT_BTC,1622278800,62.73689768920507,59.60005280474481,61.07573939631885,61.120471842123415,227642392.5
USDT_BTC,1622275200,62.81054507682094,59.67001782297989,61.11898771433385,61.176724853198536,125944953.2
USDT_BTC,1622271600,61.922959732773485,58.82681174613481,60.78179079374688,60.270840248672414,126533997.5
USDT_BTC,1622268000,60.734401568150005,57.6976814897425,59.17589915311325,59.38593779600055,107203274.3
USDT_BTC,1622264400,61.64605156987197,58.56374899137837,60.210926416968256,59.903152719675404,186107916.1
USDT_BTC,1622260800,58.91668684681495,55.970852504474195,57.008817585469274,57.84157007650555,125984686.7
USDT_BTC,1622257200,56.59489473177009,53.76514999518158,54.98178496434162,55.44837118277083,100231637.7
USDT_BTC,1622253600,56.766300894972815,53.927985850224175,55.251896935603355,55.1522008723411,134320529
USDT_BTC,1622250000,55.82328494295785,53.03212069580995,54.09163425648674,54.14232552295893,111228863.9
USDT_BTC,1622246400,53.099196367547364,50.44423654916999,51.669102794023296,51.83893244274143,143455184
USDT_BTC,1622242800,53.94222263620033,51.24511150439031,52.460976505424,52.86106343032354,129674041.6
USDT_BTC,1622239200,52.99255095558341,50.342923407804236,51.708366281824546,51.57258273618402,183745768.8
USDT_BTC,1622235600,55.26566743675626,52.502384064918445,53.226073658392814,53.70480292248229,248149599.7
USDT_BTC,1622232000,55.27562856354146,52.511847135364384,53.742951567168404,54.01690861132072,209437195.5
USDT_BTC,1622228400,51.59199800707792,49.01239810672402,50.330242568162745,49.9435751493178,189112516.1
USDT_BTC,1622224800,53.15787601060299,50.49998221007284,51.86973761600946,52.08413770837641,157052322.4
USDT_BTC,1622221200,56.75992120847484,53.921925148051095,55.15019586822483,55.31748051849077,193182777.1
USDT_BTC,1622217600,50.71539286116962,48.17962321811113,49.29575752918129,49.406660174031416,287202560.1
USDT_BTC,1622214000,49.25998408300465,46.79698487885442,47.800183276657414,48.004621995640925,130477276.6
USDT_BTC,1622210400,52.92473901494971,50.27850206420222,52.113512744259864,51.206473747475904,133806025.4
USDT_BTC,1622206800,54.99691821672744,52.24707230589106,53.9279819832965,53.592688553241715,234158668.6
USDT_BTC,1622203200,52.00797026591305,49.4075717526174,50.10022840505026,51.03961900617778,332240545.3
USDT_BTC,1622199600,51.06051921138057,48.50749325081154,49.81386312254794,49.33364613302573,224790840.4
USDT_BTC,1622196000,51.983291396191994,49.38412682638239,50.297812192907415,50.7324169545931,228363624.3
USDT_BTC,1622192400,52.44023037592963,49.81821885713315,51.08713980982059,50.99345199100221,354141970.6
USDT_BTC,1622188800,54.02628479092891,51.324970551382464,52.759190373338456,53.02512352606442,287909047.2
USDT_BTC,1622185200,48.666546211197016,46.23321890063716,47.34711968111586,47.62578676673724,246738863.4
USDT_BTC,1622181600,52.7059642148714,50.07066600412783,51.26011078290616,51.09267167064712,242862100.4
USDT_BTC,1622178000,54.678986510813246,51.94503718527258,53.63570503714688,53.19282885929401,230120809
USDT_BTC,1622174400,51.321169567248155,48.75511108888575,49.71120622064674,49.79401256710159,225827187.4
USDT_BTC,1622170800,56.76145377432206,53.92338108560595,55.332896475961,55.13054454964175,95009772.86
USDT_BTC,1622167200,52.45153972929883,49.82896274283389,51.62961385805569,51.174896494846436,80772392.38
USDT_BTC,1622163600,54.45549383706527,51.732719145212,52.9850697575079,53.10071247143883,120865791.9
USDT_BTC,1622160000,52.884731706189164,50.24049512087971,51.9830074457443,52.07551239070905,160619245
USDT_BTC,1622156400,52.547656705400186,49.920273870130174,50.936931349473646,51.15015487079763,84198712.49
USDT_BTC,1622152800,54.68711507497979,51.9527593212308,53.21901888752688,53.196588285212336,100720455.6
USDT_BTC,1622149200,54.57968669700882,51.85070236215837,53.258066674822786,53.26678911636832,132040356.4
USDT_BTC,1622145600,54.625224713144206,51.89396347748699,53.68291014269259,52.93539398841477,89887463.81
USDT_BTC,1622142000,53.995350120150825,51.29558261414328,52.46525195997743,53.101790636790284,100838351.1
USDT_BTC,1622138400,57.964201836953634,55.06599174510595,56.343167787061184,56.51894902686984,73102056.22
USDT_BTC,1622134800,55.42380953269523,52.652619056060466,54.090542710469656,54.21472791249386,125867669
USDT_BTC,1622131200,56.30406796836262,53.48886456994448,55.194192863032605,54.74250035755069,250509368.2
USDT_BTC,1622127600,54.53095137321362,51.80440380455293,53.142101692177995,53.329006196434186,174204735.7
USDT_BTC,1622124000,57.942263787736835,55.04515059834999,56.483703015621316,56.41540586442062,135613376.1
USDT_BTC,1622120400,58.734780614941094,55.79804158419404,57.15662612097764,56.925374398067525,248529842.1
USDT_BTC,1622116800,60.16566823286871,57.15738482122527,58.7335413251438,58.687484810158125,175126213.5
USDT_BTC,1622113200,58.33495258138662,55.41820495231728,56.42155333516406,56.80895273072694,165054384.3
USDT_BTC,1622109600,56.257044878013666,53.44419263411298,54.969192121482166,54.79876181233538,155805336.3
USDT_BTC,1622106000,59.515610839185975,56.53983029722667,57.948886820542626,57.96164686861882,143116390.3
USDT_BTC,1622102400,56.94851037938414,54.10108486041493,55.47127709896731,55.88769865188907,170723409.6
USDT_BTC,1622098800,63.34274249259204,60.17560536796243,61.696774752297394,61.213132816268995,90158790.61
USDT_BTC,1622095200,60.52335444273858,57.49718672060165,58.95069169741427,59.441061723465694,109052629
USDT_BTC,1622091600,63.444316113037345,60.27210030738548,62.18431871670209,61.89759896278464,129561520.5
USDT_BTC,1622088000,63.129696305356255,59.97321149008844,61.38936772519262,61.455254247322955,100127744.1
USDT_BTC,1622084400,67.456085529771,64.08328125328245,65.7796865711986,65.40206925092568,151273829.3
USDT_BTC,1622080800,61.61953599281564,58.538559193174855,60.09025423220657,60.43835674844403,136921782.2
USDT_BTC,1622077200,63.74953081206796,60.56205427146456,61.878864047330566,62.51217708767259,186680198.4
USDT_BTC,1622073600,64.75895313270414,61.52100547606893,63.48660912586744,63.31193782159513,132298911.2
USDT_BTC,1622070000,67.02052376954059,63.66949758106355,65.44163718468019,65.22074203105458,107986204.9
USDT_BTC,1622066400,68.79620283288193,65.35639269123783,66.9567543751686,66.60950567059345,96061722.93
USDT_BTC,1622062800,67.36292808263215,63.994781678500544,66.0107091086752,65.99357305098691,117298476.8
USDT_BTC,1622059200,71.69370872185749,68.10902328576461,70.8607447074462,69.5431806214934,116812909.9
USDT_BTC,1622055600,74.15753591779051,70.44965912190098,72.0286532127368,72.75075893550574,182699869
USDT_BTC,1622052000,72.85427869983073,69.2115647648392,70.49956545268073,71.3665422490216,130465974.4
USDT_BTC,1622048400,73.46423352199992,69.79102184589992,72.20921889032253,71.92326264525313,193815887.7
USDT_BTC,1622044800,72.78434316644739,69.14512600812502,71.12922316053363,70.89433779619631,180248435.5
USDT_BTC,1622041200,76.6280368506025,72.79663500807237,75.21404225333833,75.3541506075024,237471856.7
USDT_BTC,1622037600,72.16148677639248,68.55341243757285,70.52769943143026,70.40336263833052,207684105.3
USDT_BTC,1622034000,76.73131789230388,72.89475199768869,75.64639506076283,74.75768890007005,287655917
USDT_BTC,1622030400,77.20823078936682,73.34781924989848,75.86765377560567,74.6313448834892,172753936
USDT_BTC,1622026800,79.2479427718205,75.28554563322948,77.7649806753673,77.85738901012485,124627911.6
USDT_BTC,1622023200,80.34593652364404,76.32863969746184,78.27251666028855,78.27231539424344,204294319.3
USDT_BTC,1622019600,83.27936037630136,79.11539235748629,80.45354376962247,81.22571332598814,108695403.6
USDT_BTC,1622016000,83.85220247994891,79.65959235595146,81.6123212632465,81.85576318669382,259202807.1
USDT_BTC,1622012400,81.09063696480476,77.03610511656451,79.13035068701024,79.76040671091057,154758323.2
USDT_BTC,1622008800,82.8789307456174,78.73498420833653,80.74094193665394,80.59392410053047,330800678.8
USDT_BTC,1622005200,88.03600741148878,83.63420704091433,86.11276891288406,86.32678127323315,122546660.7
USDT_BTC,1622001600,87.46619233247011,83.0928827158466,85.2789106738119,85.72606626790531,121947164.7
USDT_BTC,1621998000,87.41755321115244,83.04667555059481,85.26829487255394,84.91210594802563,134768133.8
USDT_BTC,1621994400,89.65893357331284,85.1759868946472,87.42014599178721,87.60712412316258,249964412.2
USDT_BTC,1621990800,90.1657536864837,85.65746600215951,87.25221806765948,87.87207399096614,129409884.6
USDT_BTC,1621987200,88.09753630912837,83.69265949367195,84.92255499545912,85.90058203229205,141746509.4
USDT_BTC,1621983600,88.41764115447495,83.9967590967512,85.65910031828996,85.93242888631333,83927516
USDT_BTC,1621980000,91.14027100482838,86.58325745458696,88.73997032206263,88.97751906820673,141277250.2
USDT_BTC,1621976400,92.04458698155288,87.44235763247524,89.66307118634569,90.5126367839127,89409482.74
USDT_BTC,1621972800,96.23860991744968,91.42667942157719,94.40379524919429,94.24124866053002,94457166.02
USDT_BTC,1621969200,95.35525244055825,90.58748981853033,93.01479876274077,93.50019180289632,130174586.5
USDT_BTC,1621965600,91.0038892789745,86.45369481502577,88.95619682335303,89.19709390804523,103220157.8
USDT_BTC,1621962000,96.81614114751247,91.97533409013684,94.79524095730977,94.05956211692951,101641094.3
USDT_BTC,1621958400,95.56841943782975,90.78999846593825,92.8440605938612,93.13487207136534,143345228.7
USDT_BTC,1621954800,101.61714863659698,96.53629120476712,98.65594705267884,99.95153608184825,327818021.7
USDT_BTC,1621951200,98.11780079142733,93.21191075185595,95.7089039331961,95.48927257552847,226865980.7
USDT_BTC,1621947600,98.51633554188795,93.59051876479356,96.07935883892993,95.9496676123778,264811068.2
USDT_BTC,1621944000,104.89778461154941,99.65289538097194,102.49361801504364,102.86405796631004,199205471.9
USDT_BTC,1621940400,102.54743210041042,97.42006049538989,99.34757568674141,100.43601531510122,218781549.2
USDT_BTC,1621936800,101.8363438982398,96.74452670332781,98.71121926540229,99.10977204487787,328174302.1
USDT_BTC,1621933200,100.10584700000877,95.10055465000832,98.16350530996053,97.74092875573226,159713714.3
USDT_BTC,1621929600,102.57296158560641,97.44431350632608,100.14176158398102,99.29602065710101,171653476.5
USDT_BTC,1621926000,108.20088731365483,102.79084294797208,105.06393804757245,105.31239321351579,136260670.2
USDT_BTC,1621922400,101.12562075116962,96.06933971361113,98.1203793995493,98.64082161048566,170449875.4
USDT_BTC,1621918800,106.16074939660422,100.852711926774,103.02184778167958,103.59548421322748,132080760
USDT_BTC,1621915200,103.38896958710755,98.21952110775217,101.22187087766117,100.95072006402017,189032893.7
USDT_BTC,1621911600,106.55041465573902,101.22289392295207,104.06632966073151,104.29172951357585,195647441.6
USDT_BTC,1621908000,107.32593578259045,101.95963899346093,104.64177545341015,104.28451802968937,162003769
USDT_BTC,1621904400,109.24534921214308,103.78308175153592,106.58991034249512,105.8752627815227,196553070.6
USDT_BTC,1621900800,109.97152943859896,104.47295296666901,106.57558448275708,107.30869300469088,287015032
USDT_BTC,1621897200,110.48072678640742,104.95669044708704,107.44909882368283,107.76951169767723,115041712.9
USDT_BTC,1621893600,112.26164136670474,106.64855929836949,109.0489873153472,109.71078973495416,144361546.1
USDT_BTC,1621890000,111.69160611753571,106.10702581165893,108.3726355779483,108.93892301359179,177481486.7
USDT_BTC,1621886400,117.04185298396628,111.18976033476795,114.20345952818435,113.7646070187596,355912949.1
USDT_BTC,1621882800,112.24884418015664,106.6364019711488,110.54122510474576,109.07166729002485,408708639.1
USDT_BTC,1621879200,114.70703888705955,108.97168694270657,113.01284131269625,112.01065205732371,199153943.9
USDT_BTC,1621875600,111.72338076079771,106.13721172275783,108.19775503477,108.39270603147564,171593901.9
USDT_BTC,1621872000,116.46243436748318,110.63931264910902,113.93075254567654,113.29720334222053,302480511.1
USDT_BTC,1621868400,114.0448133308767,108.34257266433286,111.54316193042341,110.99690775141597,238789246.2
USDT_BTC,1621864800,111.9901827547974,106.39067361705753,109.56145506096105,108.61781310455302,239457597.7
USDT_BTC,1621861200,116.12228758875264,110.31617320931501,113.75465886464,112.98488930507989,358809919.5
USDT_BTC,1621857600,117.56866254630008,111.69022941898507,114.1424806645222,113.63428996163026,399327461.5
USDT_BTC,1621854000,114.39386749458083,108.67417411985178,111.5384570030787,111.55483914413938,435104768.7
USDT_BTC,1621850400,114.51818355714522,108.79227437928796,111.74834344078238,112.07593008482911,280432789.7
USDT_BTC,1621846800,112.4559349916974,106.83313824211253,110.02178836277105,108.91862324800405,185294286.6
USDT_BTC,1621843200,109.07886345871394,103.62492028577824,105.81449379647452,106.5107112354308,279700863.7
USDT_BTC,1621839600,114.47461440606936,108.75088368576588,112.07029411741779,111.8755770334618,376728347
USDT_BTC,1621836000,112.41103768026647,106.79048579625315,109.75300450776581,109.46161530981875,203650917.3
USDT_BTC,1621832400,109.73497549149738,104.2482267169225,106.42406643617664,106.78524102717002,137212256.9
USDT_BTC,1621828800,111.90009849220036,106.30509356759033,109.04797018023184,109.83836153374592,196193251.4
USDT_BTC,1621825200,106.4130939716115,101.09243927303092,103.15492185405303,103.10649970669505,174595878
USDT_BTC,1621821600,110.66089732901735,105.12785246256648,107.57879285053951,108.07887250453852,179974540.8
USDT_BTC,1621818000,112.55743416496088,106.92956245671283,109.18523610203978,109.38558097288505,179937146.7
USDT_BTC,1621814400,106.39453498059866,101.07480823156872,104.08572118904458,103.51985653618593,256829069.6
USDT_BTC,1621810800,106.98031864996601,101.6313027174677,104.40853326735608,104.28453671299417,152619772.4
USDT_BTC,1621807200,106.18140575816022,100.87233547025221,102.62995287920536,103.66921770162585,165634678.5
USDT_BTC,1621803600,106.75073770850837,101.41320082308295,103.71492772460351,104.1197813007709,185237221.1
USDT_BTC,1621800000,101.17539405673743,96.11662435390056,97.97508903453996,98.95178336457847,221720641.7
USDT_BTC,1621796400,103.7241003617091,98.53789534362365,101.69717472209176,100.74441903471049,232111472
USDT_BTC,1621792800,101.28441497417433,96.2201942254656,98.09090740371366,98.9956088061018,350535883.4
USDT_BTC,1621789200,103.26394844045662,98.10075101843378,100.81076881466747,100.06642899331156,463648115.5
USDT_BTC,1621785600,98.45208209390923,93.52947798921376,95.49696769993506,95.19502682033865,867393397.2
USDT_BTC,1621782000,95.23550167633994,90.47372659252294,92.34454370008658,92.90375640891308,259993343.8
USDT_BTC,1621778400,96.12859332320541,91.32216365704514,94.08710614442333,93.99285861479325,376212234.8
USDT_BTC,1621774800,95.64937252966617,90.86690390318286,92.93846244169096,93.08467015310897,589502627.6
USDT_BTC,1621771200,99.54256374680683,94.5654355594665,97.1442502954696,96.75979545876817,592868589.1
USDT_BTC,1621767600,94.18966698876321,89.48018363932505,92.18145457677431,91.47724601713261,238169414.1
USDT_BTC,1621764000,93.89232794956055,89.19771155208252,91.41082994664998,91.14390894815494,329386894.3
USDT_BTC,1621760400,92.45610280480435,87.83329766456413,89.96164879479804,90.0236786853865,480445609
USDT_BTC,1621756800,90.165946632346,85.6576493007287,86.95090526076272,87.81375330518064,639511583
USDT_BTC,1621753200,93.23415827771,88.57245036382449,90.90826727001479,90.84893662495689,264390431.6
USDT_BTC,1621749600,87.42095040709688,83.04990288674203,85.59152815938242,85.24438087794213,196634070.9
USDT_BTC,1621746000,85.94788191299469,81.65048781734495,83.97117888690012,83.63084850665172,163235104.2
USDT_BTC,1621742400,88.85035742237343,84.40783955125475,86.91200178689795,85.9098134087177,103763416.6
USDT_BTC,1621738800,85.49179140526846,81.21720183500503,83.37569593261347,83.08968660626141,98694700.73
USDT_BTC,1621735200,79.99113410214433,75.9915773970371,77.91487428851696,77.6658022418911,109207716.8
USDT_BTC,1621731600,85.51978125489227,81.24379219214765,83.27662876438256,83.81000345283029,96668700.48
USDT_BTC,1621728000,79.27428946505535,75.31057499180258,77.42744775338349,77.75835670641895,253656844.5
USDT_BTC,1621724400,80.92691487943151,76.88056913545992,78.06656409812865,78.5916500031913,102792663.3
USDT_BTC,1621720800,78.83253040075209,74.89090388071449,76.87969852932325,76.25657660855568,155459148.3
USDT_BTC,1621717200,80.88778518584081,76.84339592654877,78.86422117655945,78.5830185759062,119303179.6
USDT_BTC,1621713600,78.76891113237825,74.83046557575933,77.08216847042512,76.6414261038644,116526033.4
USDT_BTC,1621710000,76.5858300102357,72.75653850972391,74.8482727743401,75.105707305529,131459106.9
USDT_BTC,1621706400,76.26083163471793,72.44779005298203,74.81076822876254,73.87530938085379,162528624.6
USDT_BTC,1621702800,77.24452539941775,73.38229912944686,75.14825037271238,74.45192819497262,156613161.6
USDT_BTC,1621699200,73.0282284101519,69.3768169896443,70.90766620720649,71.93835624436005,190456728.1
USDT_BTC,1621695600,69.26922133153461,65.80576026495788,67.42028644311777,67.11688061697012,254162630.1
USDT_BTC,1621692000,73.10325037202175,69.44808785342066,70.65550378420544,72.1520410749335,231202840.1
USDT_BTC,1621688400,73.63667705396384,69.95484320126565,72.01676389591066,70.96665285570586,193106738
USDT_BTC,1621684800,71.12741159528628,67.57104101552196,69.33567066034493,69.16935388101697,199329515.8
USDT_BTC,1621681200,68.05190862037122,64.64931318935265,66.59660386384384,66.85017516505673,183042240
USDT_BTC,1621677600,69.70417550312517,66.2189667279689,68.40060172425204,68.00115707740966,350992503.8
USDT_BTC,1621674000,70.01814953439138,66.51724205767181,68.57455723487702,68.14863248953587,173903668.2
USDT_BTC,1621670400,67.54270491356793,64.16556966788953,65.8620349812235,65.40618433167697,214263890.7
USDT_BTC,1621666800,66.68242100130199,63.34829995123689,64.87974591624236,65.19685701573974,202860113.9
USDT_BTC,1621663200,65.02846369990365,61.77704051490847,63.38263491976918,63.37528288709011,187152488
USDT_BTC,1621659600,61.592117843623285,58.51251195144212,59.97142909947814,59.8083951647773,269966548
USDT_BTC,1621656000,58.547302291512736,55.6199371769371,57.108738421190615,56.78952813039097,267565326.7
USDT_BTC,1621652400,62.018609878077996,58.91767938417409,60.324916013484355,60.04649388399619,301066254.6
USDT_BTC,1621648800,61.19353765444369,58.1338607717215,60.14289734657267,59.680018497069,189873491.7
USDT_BTC,1621645200,56.18004482012749,53.37104257912112,54.727172957996636,54.734393367130984,184903880.5
USDT_BTC,1621641600,56.984687423955904,54.13545305275811,55.6888467076288,55.402741005409986,192036871.9
USDT_BTC,1621638000,60.04215609119589,57.04004828663609,58.18846644066514,58.014573145883496,219771768.9
USDT_BTC,1621634400,57.092388639632745,54.237769207651105,55.42961567599242,56.06229466868497,306559033.2
USDT_BTC,1621630800,57.034034608167396,54.18233287775902,55.89824280459485,55.343406903185404,664727326
USDT_BTC,1621627200,54.69047268881816,51.95594905437725,52.918841687154796,53.60114632886183,327179350.8
USDT_BTC,1621623600,52.66657770176421,50.033248816676,51.01909386126061,50.879664983917216,402964564
USDT_BTC,1621620000,54.1930576144731,51.48340473374944,52.454263379934986,52.2931415985477,249743884.7
USDT_BTC,1621616400,56.76428324371538,53.92606908152961,54.976312780195784,55.32689369396922,311034909.1
USDT_BTC,1621612800,54.35136822202574,51.63379981092445,52.914948190934695,52.7902223689089,550012202.5
USDT_BTC,1621609200,52.9739722185605,50.32527360763247,51.58916299097797,52.03454678260248,709607192.7
USDT_BTC,1621605600,50.01657476191027,47.515746023814756,48.72551847041947,48.82997241272806,1250882884
USDT_BTC,1621602000,51.420833193981395,48.849791534282325,49.74374682004991,50.58925464237878,147670655.5
USDT_BTC,1621598400,50.37752147589182,47.858645402097224,49.4395275476507,49.345747582079824,237974697.1
USDT_BTC,1621594800,48.84907639861714,46.40662257868628,47.400576735482716,47.41226106208061,182600891.1
USDT_BTC,1621591200,52.09582682397342,49.49103548277475,50.66264771484595,50.85444921791548,203737395.7
USDT_BTC,1621587600,49.5405123696879,47.063486751203506,48.27615635454869,48.23096269276722,238171442
USDT_BTC,1621584000,49.143034845759914,46.685883103471916,48.013974296061235,48.16101675049856,248235070.9
USDT_BTC,1621580400,46.89280832326256,44.548167907099426,45.95286921303769,45.8191167371111,165296139.1
USDT_BTC,1621576800,49.753426406246724,47.26575508593439,48.187686117074804,48.669916748025805,238116764.8
USDT_BTC,1621573200,44.42156952020866,42.20049104419822,43.28982618797148,43.30217857461612,148378008.1
USDT_BTC,1621569600,49.75221552750425,47.264604751129035,48.5167717960934,48.547667807556564,213574191.3
USDT_BTC,1621566000,49.04977762187214,46.59728874077853,47.5047091805875,48.13797565883951,152410310.3
USDT_BTC,1621562400,49.32048421453302,46.854460003806366,48.148781393995094,48.08640035290359,132515885
USDT_BTC,1621558800,48.46985228225624,46.046359668143424,47.37412268794846,47.380457540914804,142890174.5
USDT_BTC,1621555200,45.05909945163912,42.80614447905716,43.89960653605088,43.88169018202279,269291869.3
USDT_BTC,1621551600,47.78765902869357,45.398276077258885,46.48142171478488,46.40044822514185,196905782
USDT_BTC,1621548000,47.31380704770889,44.94811669532344,46.504567937429734,46.32693941408149,260438184.2
USDT_BTC,1621544400,48.63943204751339,46.20746044513772,47.10706135906505,47.74217660188838,109676750.6
USDT_BTC,1621540800,49.4761301512953,47.002323643730534,48.61983805191589,48.455648477375675,165472490.4
USDT_BTC,1621537200,53.31207050318321,50.646466978024044,52.19733404918142,52.034533911779214,182616032.4
USDT_BTC,1621533600,51.633508287296095,49.051832872931286,50.613387327331665,49.63761634615454,197426013.9
USDT_BTC,1621530000,52.602147384687484,49.97204001545311,51.40212145996527,51.68247037249984,301348964.2
USDT_BTC,1621526400,56.25476678936882,53.44202844990038,54.93698756245336,54.93114472672691,752470655.2
USDT_BTC,1621522800,53.239230412436825,50.57726889181498,52.17302217947469,51.84207998513846,260651927.8
USDT_BTC,1621519200,53.133986066709525,50.477286763374046,52.189046333425004,52.15858737924859,364029177.3
USDT_BTC,1621515600,52.413803561917746,49.793113383821854,51.11997857707201,50.9952488778486,457114594.3
USDT_BTC,1621512000,57.699827413907876,54.81483604321248,56.207646123636394,56.9377003695561,501811327.1
USDT_BTC,1621508400,54.35997475372225,51.64197601603613,53.0888725712909,53.56072017138953,299574376.5
USDT_BTC,1621504800,58.502454716496295,55.57733198067148,57.11557222865665,57.21522082522203,357527359.5
USDT_BTC,1621501200,64.28218327207291,61.06807410846926,62.68035815749918,62.68656882470354,301816562.1
USDT_BTC,1621497600,59.19858184353915,56.23865275136219,57.6721751656925,58.129131294701985,235517317
USDT_BTC,1621494000,62.541741727549194,59.41465464117173,61.10514274799647,60.45314196586819,352447232.4
USDT_BTC,1621490400,60.92757430152976,57.881195586453266,59.834892961201305,59.2345091501612,305992927
USDT_BTC,1621486800,61.473111465995636,58.399455892695855,60.475403870439195,59.58118819266601,283535563.4
USDT_BTC,1621483200,62.870220006150326,59.72670900584281,61.24751406673228,61.24650037221279,338106769.8
USDT_BTC,1621479600,68.5742616356797,65.14554855389572,66.50081652084599,66.66017337562103,272713561.6
USDT_BTC,1621476000,66.63512191116224,63.30336581560413,65.09864478659736,64.50835658865853,320029893.7
USDT_BTC,1621472400,65.20446913836989,61.94424568145139,63.62665447071188,63.73909294862473,545771871.6
USDT_BTC,1621468800,66.60263923737293,63.272507275504275,64.82060199719267,64.82445877436469,656901733.2
USDT_BTC,1621465200,67.20530450884469,63.84503928340245,65.18933023810052,65.62039869900974,393986225
USDT_BTC,1621461600,68.24386841224319,64.83167499163102,66.45546268150828,66.2688887454697,288299570.2
USDT_BTC,1621458000,73.06080336763146,69.40776319924989,70.93969262406253,71.06776759521811,347224737.5
USDT_BTC,1621454400,68.80785014046366,65.36745763344047,66.7347576885277,66.91199744310126,403432674.2
USDT_BTC,1621450800,71.52742879483569,67.9510573550939,70.17597050510443,69.45000888117652,378677273.3
USDT_BTC,1621447200,70.74363041621213,67.20644889540152,68.52086776541034,69.84534848176777,466158744.4
USDT_BTC,1621443600,77.04693393666807,73.19458723983466,76.08302930440242,75.92163817064802,647031928.4
USDT_BTC,1621440000,73.8525190476183,70.15989309523738,72.10925049489083,71.55173813522309,958481252.3
USDT_BTC,1621436400,76.89682878993153,73.05198735043496,74.81361112658583,75.06751836303651,804241871.9
USDT_BTC,1621432800,77.24295835413527,73.3808104364285,75.71890511944713,75.6357585610239,858701434
USDT_BTC,1621429200,79.43017746577061,75.45866859248208,77.91759584732766,77.34965633040761,1514464825
USDT_BTC,1621425600,76.92900754477726,73.0825571675384,75.40577011705123,75.18333776841823,1123955119
USDT_BTC,1621422000,81.11800089020662,77.06210084569628,79.59299790667123,78.7993802369651,996784867.1
USDT_BTC,1621418400,81.51386950140517,77.4381760263349,78.55418589156214,78.75978227902931,357584419.9
USDT_BTC,1621414800,80.61654395326946,76.58571675560599,79.08090705185006,78.2581264048559,214566485.8
USDT_BTC,1621411200,85.85113371252142,81.55857702689534,83.62253464798653,82.94087259271127,291574018
USDT_BTC,1621407600,84.24864484436517,80.03621260214692,81.3406398429752,82.48543809174377,415508158.8
USDT_BTC,1621404000,83.64837067520622,79.46595214144591,82.34664140520022,81.88870357195471,328101147.2
USDT_BTC,1621400400,86.72191419565911,82.38581848587616,83.86090289418767,83.89946379369024,495838977.1
USDT_BTC,1621396800,85.25296825282192,80.99031984018082,83.3976343184035,82.81872760872247,700936623.5
USDT_BTC,1621393200,88.88616474332694,84.44185650616059,86.55466796099927,86.8320942198213,370711746.3
USDT_BTC,1621389600,86.12529562766628,81.81903084628296,84.42117678866741,83.854962585936,351694034.6
USDT_BTC,1621386000,90.46039306941158,85.937373415941,88.30563524453068,89.11906840344919,552531128.7
USDT_BTC,1621382400,89.99587921551547,85.4960852547397,87.57773705539431,87.32494084938338,217207672.7
USDT_BTC,1621378800,88.62316875407365,84.19201031636996,86.88289339574924,86.53592137597859,221078909.6
USDT_BTC,1621375200,88.96575755385516,84.51746967616239,87.67683732086842,87.23045412213092,129914174.6
USDT_BTC,1621371600,95.01333339304706,90.2626667233947,92.20442165287713,92.36888097187048,112746833.3
USDT_BTC,1621368000,89.49568607116724,85.02090176760888,87.00711195174253,87.36149114451078,162090244
USDT_BTC,1621364400,93.10097798573798,88.44592908645109,90.98568663470489,90.38757933580426,202187536.1
USDT_BTC,1621360800,94.6774424048796,89.94357028463561,92.36803513957082,92.33659474525734,259759114.6
USDT_BTC,1621357200,94.71767308401199,89.98178942981139,92.35017636010183,92.8769335537436,193501724.9
USDT_BTC,1621353600,96.40371043647886,91.58352491465492,94.25154341003469,94.1217425121104,347060015.7
USDT_BTC,1621350000,93.76627614917734,89.07796234171848,91.64035973523988,91.56083341405848,322009953.5
USDT_BTC,1621346400,96.90333405348274,92.0581673508086,94.14801772756556,93.94599101205479,382920221.9
USDT_BTC,1621342800,95.39426595107679,90.62455265352294,93.13496173076331,93.0985125998722,307606212.2
USDT_BTC,1621339200,97.7970089138492,92.90715846815674,95.15395909189188,94.4186112872428,276095596.4
USDT_BTC,1621335600,96.55622634419034,91.72841502698081,93.98910311686383,93.66049574836074,138183579.5
USDT_BTC,1621332000,92.16128788029319,87.55322348627853,89.72158254333483,89.63183295608869,131297325.1
USDT_BTC,1621328400,94.6278529001368,89.89646025512995,92.07527290747763,92.65118248923397,158936710.3
USDT_BTC,1621324800,100.01950125633238,95.01852619351575,97.3842989129118,98.0565675117426,162893077
USDT_BTC,1621321200,101.00742673130665,95.95705539474132,98.46098393168508,97.81150000457964,172213477.2
USDT_BTC,1621317600,97.3329442704444,92.46629705692217,95.15483920790066,95.67497717719746,216968005.9
USDT_BTC,1621314000,96.59737358246565,91.76750490334236,94.30698178276904,93.93382853416051,181299164.6
USDT_BTC,1621310400,103.9161959414786,98.72038614440467,100.80953610031999,101.21731362554605,208363426.4
USDT_BTC,1621306800,103.02772791072258,97.87634151518644,100.02024133698376,100.43813899084422,122353911.3
USDT_BTC,1621303200,98.64880204875465,93.71636194631691,95.55073794709352,95.91990758614224,168042412.7
USDT_BTC,1621299600,98.68988189985998,93.75538780486698,96.20691432065061,96.69615656183466,294718581.9
USDT_BTC,1621296000,100.98143288464259,95.93236124041046,98.39546187492051,98.7116080994167,274430074
USDT_BTC,1621292400,103.34622886166616,98.17891741858286,100.82059077981337,99.92647939152648,231983959.4
USDT_BTC,1621288800,99.45494193565595,94.48219483887316,97.12710389372498,96.96052925371434,278747733.1
USDT_BTC,1621285200,103.84011804999966,98.64811214749967,100.74229875389089,101.02754763292701,182675946.8
USDT_BTC,1621281600,103.69965349462714,98.51467081989578,101.00083431681249,100.89392263211901,182869069.3
USDT_BTC,1621278000,100.74853568029178,95.71110889627718,98.08061135003318,99.15296902884411,242018960.8
USDT_BTC,1621274400,101.51489097545468,96.43914642668194,99.78234082867256,98.73258381901213,317930324.2
USDT_BTC,1621270800,100.11112285108631,95.10556670853198,97.05605081028708,97.56746824489595,392692743.9
USDT_BTC,1621267200,95.37118417966072,90.60262497067768,92.9847124403907,93.13634526037846,380442842.7
USDT_BTC,1621263600,98.84766461137922,93.90528138081025,96.40421483613356,96.63966832870274,273101584.4
USDT_BTC,1621260000,100.16362059606493,95.15543956626168,97.67175002051441,97.18169310499897,275591773.1
USDT_BTC,1621256400,102.44422528198974,97.32201401789025,99.23110222706529,99.97896660286322,195565400.4
USDT_BTC,1621252800,102.42811683486445,97.30671099312123,99.9522116028617,99.3152492608333,285964102.7
USDT_BTC,1621249200,99.9547687379978,94.9570303010979,97.51040228252197,97.84921865183651,299783585.9
USDT_BTC,1621245600,102.61808203228325,97.48717793066909,100.20175714215965,99.71982811184863,255700269.5
USDT_BTC,1621242000,99.27676084388186,94.31292280168776,96.97413693445418,97.08723500669176,215813496.8
USDT_BTC,1621238400,98.75180647031642,93.8142161468006,95.8369740865852,95.1424621270942,305252998.6
USDT_BTC,1621234800,100.53124376202831,95.50468157392689,97.7952476255269,97.33702664262553,293636586.2
USDT_BTC,1621231200,103.18413017916507,98.0249236702068,101.53817875757923,100.47056729485307,515102067.9
USDT_BTC,1621227600,100.21317311063143,95.20251445509986,98.10740747636619,96.57851317408534,397210741.4
USDT_BTC,1621224000,99.1551840051672,94.19742480490883,96.52002848565476,95.66428735781143,570506419.3
USDT_BTC,1621220400,93.71383716045804,89.02814530243514,92.28043865441111,90.68641690957264,518776989
USDT_BTC,1621216800,98.25153844271173,93.33896152057615,95.92182303360782,96.42215563464644,255853933.5
USDT_BTC,1621213200,100.6874650288849,95.65309177744065,98.1018886093293,97.39131829408242,290578727.6
USDT_BTC,1621209600,95.80632802817037,91.01601162676185,94.27679750527896,93.61291168755162,188955275.5
USDT_BTC,1621206000,97.16740602899935,92.30903572754939,94.88125215666048,94.49052556960218,180356384.6
USDT_BTC,1621202400,96.41420780441696,91.59349741419611,93.6533897141288,93.62276034594814,267417674
USDT_BTC,1621198800,98.7784018131124,93.83948172245677,97.17612729380635,96.90570389448445,340577449.1
USDT_BTC,1621195200,98.4808791002923,93.55683514527767,96.41181507846096,95.50026492074635,508083166.1
USDT_BTC,1621191600,99.84649325641573,94.85416859359493,97.28025002394853,97.22193048364944,510824938.2
USDT_BTC,1621188000,96.22872590472531,91.41728960948903,93.33542836930833,94.78146650648367,509186062
USDT_BTC,1621184400,97.89682731386017,93.00198594816716,95.5564578927658,95.30065629355727,397503893.3
USDT_BTC,1621180800,96.20023271020165,91.39022107469155,93.29075383669553,94.15232800655103,290162172.7
USDT_BTC,1621177200,94.49342037634271,89.76874935752558,90.9285635448456,92.24181951364159,208712774
USDT_BTC,1621173600,93.61722594498634,88.93636464773702,91.65338300833453,91.5543762055215,186287640.3
USDT_BTC,1621170000,95.30543341867086,90.54016174773732,93.10127020793259,92.75614372489326,148843563.1
USDT_BTC,1621166400,95.33722943408817,90.57036796238376,92.3114353614483,92.3904554951807,143016378.5
USDT_BTC,1621162800,91.14141999768377,86.58434899779958,89.17389169410089,88.84087576077323,121437654.4
USDT_BTC,1621159200,91.21591787687763,86.65512198303374,88.93891794124052,89.17018858047396,146516333.3
USDT_BTC,1621155600,90.41919562692645,85.89823584558013,87.54555856671752,87.97003714144283,146679299.8
USDT_BTC,1621152000,92.9918867264622,88.34229239013908,90.09331602716324,91.60894317968139,124722726.9
USDT_BTC,1621148400,86.82166903995676,82.48058558795891,85.11243202086098,84.57104050317109,131681355.2
USDT_BTC,1621144800,90.1500711703739,85.64256761185521,88.74066906523653,87.82188339720135,205784967.3
USDT_BTC,1621141200,87.88879805375254,83.4943581510649,85.42867807702773,86.47041812271391,79543003.64
USDT_BTC,1621137600,86.10763101846162,81.80224946753853,83.7203992011628,84.59047876119688,110028077.6
USDT_BTC,1621134000,87.39316457187755,83.02350634328367,85.72590031032577,85.09853351849705,105856132.6
USDT_BTC,1621130400,83.4772111332488,79.30335057658635,81.22323288357262,81.54757268902735,103498165.9
USDT_BTC,1621126800,84.21764727077846,80.00676490723953,82.23371993039828,81.974348886713,143829883.4
USDT_BTC,1621123200,81.71906740972695,77.6331140392406,79.74999957600002,79.54874006546432,256947912.2
USDT_BTC,1621119600,80.75415141831778,76.71644384740188,79.049443444339,78.64738803604003,236139758.3
USDT_BTC,1621116000,78.76224346525076,74.82413129198822,76.76254352634187,76.45895294290496,140828211.4
USDT_BTC,1621112400,82.32979668933635,78.21330685486953,79.61993972461804,81.19769964073369,85996600.74
USDT_BTC,1621108800,80.36042808526504,76.34240668100179,78.3881069157634,78.23327966393406,150580054.5
USDT_BTC,1621105200,79.86279453839546,75.86965481147568,77.31424693409377,78.28049964531797,260847281.8
USDT_BTC,1621101600,79.08862818471174,75.13419677547614,76.50399606131515,76.99790578101648,151100555.7
USDT_BTC,1621098000,81.04314862351667,76.99099119234083,78.83542139355389,78.01569280188308,234686773.4
USDT_BTC,1621094400,77.11978225960365,73.26379314662347,75.17443687045939,74.74342004643596,322666496.8
USDT_BTC,1621090800,74.99521313650416,71.24545247967895,73.26198644995195,72.60865316809213,158925705.1
USDT_BTC,1621087200,73.82579470461879,70.13450496938785,71.85809949587356,71.72596648211193,257950577.3
USDT_BTC,1621083600,71.8578914019165,68.26499683182068,69.83027636393336,69.90043780626621,159029983.1
USDT_BTC,1621080000,74.93149226144592,71.18491764837363,72.99269319588076,73.21211018619564,157164463.4
USDT_BTC,1621076400,72.0398928271521,68.4378981857945,70.40193548475645,70.09917840965561,147188576.5
USDT_BTC,1621072800,72.50744786706618,68.88207547371286,71.41792998842655,70.40492236881711,264491723.5
USDT_BTC,1621069200,69.5870886735354,66.10773423985863,67.74087571990003,67.3808595898428,184124060.3
USDT_BTC,1621065600,70.81775324813691,67.27686558573006,68.8843728207586,69.58599348641623,186760891.2
USDT_BTC,1621062000,73.72241189882375,70.03629130388256,71.97119386289593,71.8082972581986,223648474.3
USDT_BTC,1621058400,67.65430314638012,64.2715879890611,65.71645211538295,66.09332267968472,220003403
USDT_BTC,1621054800,70.89985166662044,67.35485908328941,69.01440302668271,68.46223879995131,137281382.2
USDT_BTC,1621051200,68.62749084678606,65.19611630444675,66.71322829564082,67.08421596719242,144844769.4
USDT_BTC,1621047600,71.59176742448247,68.01217905325834,69.56096585008933,69.52053737229913,112008453.1
USDT_BTC,1621044000,66.14780462615663,62.84041439484879,65.10754120602552,64.41562887130817,107930677
USDT_BTC,1621040400,67.88423696602268,64.49002511772154,66.12589228682899,66.25288685240183,145524662
USDT_BTC,1621036800,65.97562093850844,62.676839891583015,64.4610682004003,64.43332258432423,161052312.5
USDT_BTC,1621033200,68.00726391669646,64.60690072086163,66.71623263386837,66.65606701853162,115238535.8
USDT_BTC,1621029600,66.73264384999297,63.39601165749332,65.69511297165477,64.65898868914955,101859821.7
USDT_BTC,1621026000,70.25587415655468,66.74308044872694,68.72666247059469,68.34846443590175,117047918.6
USDT_BTC,1621022400,65.09755979485473,61.842681805111994,63.91517749499361,63.687297329684036,209466633.5
USDT_BTC,1621018800,68.35093215677864,64.93338554893971,66.80914589946458,67.12368974635449,133292453.3
USDT_BTC,1621015200,62.58156120972834,59.45248314924192,61.18732906272168,60.93267958283588,173741355.8
USDT_BTC,1621011600,60.72565371996472,57.68937103396648,59.39736754201473,59.36618352549362,133616105.2
USDT_BTC,1621008000,61.96281413229611,58.8646734256813,60.28198541414343,60.66671201229217,191212371.6
USDT_BTC,1621004400,65.1802382138892,61.921226303194736,63.157974190481596,63.93199986520165,218352818.2
USDT_BTC,1621000800,64.8675430231876,61.62416587202821,63.00519776786968,63.84755390442563,152517810.1
USDT_BTC,1620997200,62.4957595718544,59.37097159326168,61.09182728943424,61.32605779093995,164858530.6
USDT_BTC,1620993600,66.24669419000269,62.93435948050255,64.82822404935237,64.55353565449097,168070633.4
USDT_BTC,1620990000,65.12465802406103,61.86842512285798,63.349001751782794,63.290879575210894,176243214.8
USDT_BTC,1620986400,65.48433227061959,62.21011565708861,63.49136444052632,64.23552017884208,199978548.7
USDT_BTC,1620982800,65.01377164863221,61.7630830662006,63.47301555550874,63.193827745099206,204007041.1
USDT_BTC,1620979200,62.33689432184016,59.22004960574815,60.91661534530456,60.24463449695581,172581504.8
USDT_BTC,1620975600,64.91723892569867,61.67137697941373,63.33801099139401,63.49989821504672,208219279.8
USDT_BTC,1620972000,62.619865540569734,59.488872263541246,61.346795962757824,60.96820980348615,169482635.1
USDT_BTC,1620968400,63.02684909492366,59.87550664017748,61.14177801020332,61.59693346764127,132162981.3
USDT_BTC,1620964800,64.16491373242182,60.956668045800726,62.24540495818029,62.95145503629661,193500416.2
USDT_BTC,1620961200,63.70757135151643,60.5221927839406,61.741052664537214,62.884860539144704,137960403.5
USDT_BTC,1620957600,63.53756306415125,60.36068491094368,61.74644534156155,62.01103865531235,156120749.2
USDT_BTC,1620954000,64.18255680170114,60.97342896161608,62.6722117414031,62.65631563275757,163132723.8
USDT_BTC,1620950400,64.43888022500005,61.216936213750046,63.19218484939072,62.986805798689424,223240429.3
USDT_BTC,1620946800,63.26903057425922,60.10557904554626,61.710708847801776,62.05754669041269,186472761.5
USDT_BTC,1620943200,66.11424196972277,62.80852987123663,65.08530108633158,64.86127769573254,176481652.1
USDT_BTC,1620939600,64.55627538081616,61.328461611775346,62.71598298649317,62.39830202380926,128484104.8
USDT_BTC,1620936000,64.10306730814628,60.89791394273896,62.10667587485985,62.175067036616866,199796526.9
USDT_BTC,1620932400,63.897629469828786,60.702747996337344,62.083773628775575,62.46942987403756,239925381.6
USDT_BTC,1620928800,66.92142915715152,63.575357699293946,65.00986859692814,65.36663107674114,308258295.1
USDT_BTC,1620925200,64.38493204912385,61.16568544666765,62.84910873164983,62.75041993385451,558009110.9
USDT_BTC,1620921600,61.16165290599602,58.103570260696216,60.099859140988144,59.66453718854674,297604819.9
USDT_BTC,1620918000,67.1886960843815,63.82926128016243,66.28414603040447,66.06209676798211,248565796.1
USDT_BTC,1620914400,66.10776588404993,62.802377589847424,64.20899225812971,64.3181098118563,189652725.6
USDT_BTC,1620910800,62.90353543847432,59.758358666550606,61.282342186963895,61.39137241311955,199239936.8
USDT_BTC,1620907200,68.60819609278026,65.17778628814125,66.79995690131622,67.12487511753585,229794940
USDT_BTC,1620903600,64.06676666074605,60.863428327708746,62.85761888105483,62.55844877961375,301930927.9
USDT_BTC,1620900000,67.70996010639806,64.32446210107815,66.08422300907361,65.67846273904999,435431030.9
USDT_BTC,1620896400,63.315990077960045,60.15019057406204,61.293825694027355,62.08571902719662,428217306.2
USDT_BTC,1620892800,65.76934832018695,62.480880904177596,64.29002390440328,63.75120211944463,232592649.4
USDT_BTC,1620889200,68.16048972960397,64.75246524312377,65.73543541139155,66.11010485833552,185205321.5
USDT_BTC,1620885600,66.98144994964784,63.63237745216544,64.81576181175745,65.37578707964434,203717849.2
USDT_BTC,1620882000,64.34920586167516,61.1317455685914,62.70208766728684,62.7696903541779,191208599.8
USDT_BTC,1620878400,66.48767705830582,63.163293205390524,64.25073964169042,64.83019654054021,240732752.7
USDT_BTC,1620874800,67.66735118000216,64.28398362100205,65.57664748814213,66.03140675198551,311852531.9
USDT_BTC,1620871200,69.7721382216881,66.28353131060369,68.06473617131064,68.0787947444164,331628873.6
USDT_BTC,1620867600,70.25604104982872,66.74323899733729,68.24753581273553,68.84589330627333,505260633.4
USDT_BTC,1620864000,66.63583643963682,63.304044617654974,65.14232373941876,64.58073681902704,973630160.7
USDT_BTC,1620860400,70.39463548630009,66.87490371198508,68.8945813494833,68.94440471269401,715069364.2
USDT_BTC,1620856800,75.59914114847308,71.81918409104942,73.34495344978542,74.02350686724718,676718908.2
USDT_BTC,1620853200,72.0629135176757,68.4597678417919,70.02768375028134,69.87863760262685,103145563.7
USDT_BTC,1620849600,72.83664622253698,69.19481391141014,70.79201736575381,70.96936126542174,140526229.3
USDT_BTC,1620846000,74.67756167132374,70.94368358775755,73.12870854515506,73.1167933591177,247466595.7
USDT_BTC,1620842400,73.83702896709508,70.14517751874033,72.13007254922381,72.02960795514522,343628062.1
USDT_BTC,1620838800,78.0955378606761,74.19076096764229,76.27431760927627,75.74298231480587,165238473.4
USDT_BTC,1620835200,76.77440958390717,72.93568910471181,75.17498083709256,74.82721687126696,354067709.4
USDT_BTC,1620831600,77.90837580377902,74.01295701359007,76.11352113749938,75.67791233535523,326193530.1
USDT_BTC,1620828000,75.92359089255336,72.12741134792569,73.28797661607942,73.95428258443043,205842239.1
USDT_BTC,1620824400,80.51569902095869,76.48991406991075,78.54637946282102,78.68709565555805,224847297.4
USDT_BTC,1620820800,77.71054529220696,73.82501802759661,76.02744950266995,75.6985340179415,153517969.4
USDT_BTC,1620817200,80.70750322164801,76.67212806056561,78.37008521707638,77.98025911767846,153140805.4
USDT_BTC,1620813600,79.35068023479394,75.38314622305424,77.13821266792651,77.05655163285101,219724244.7
USDT_BTC,1620810000,78.46516199899119,74.54190389904163,76.63096447156238,76.72491443208203,123128929.4
USDT_BTC,1620806400,80.2602422271658,76.24723011580751,78.11919235534232,77.21291490848633,189342722.1
USDT_BTC,1620802800,81.81029123291029,77.71977667126477,79.13782934885158,79.2819219626013,109394739.3
USDT_BTC,1620799200,81.01471789008058,76.96398199557655,79.24699875101145,78.82286208797412,143780815
USDT_BTC,1620795600,81.19587065060355,77.13607711807337,79.26722521943033,79.21864249664418,111754604.4
USDT_BTC,1620792000,86.93556005922966,82.58878205626817,84.38250697303971,84.30074504814768,155892290.9
USDT_BTC,1620788400,81.70497812662974,77.61972922029825,79.83712898338695,78.83942582740563,190172794.7
USDT_BTC,1620784800,85.48312124447634,81.20896518225251,83.12996541258326,84.32637098755848,127630722.6
USDT_BTC,1620781200,88.00479714497376,83.60455728772507,86.32526975362511,85.34355548691792,115276733.3
USDT_BTC,1620777600,83.52544496328484,79.34917271512059,81.50227237756116,80.84610391713885,180613749.4
USDT_BTC,1620774000,86.5127208166514,82.18708477581882,84.01195798884864,83.8734151081899,81179727.96
USDT_BTC,1620770400,86.96877817000167,82.62033926150158,85.49803827322211,83.92156965496633,82046392.84
USDT_BTC,1620766800,87.6367767105747,83.25493787504595,85.43912347109853,85.57556549734358,85140145.15
USDT_BTC,1620763200,87.75393650982507,83.3662396843338,86.25294478991859,85.20670756371312,92373309.9
USDT_BTC,1620759600,86.20616411352785,81.89585590785146,84.39993499747087,83.73803102517618,106475487.4
USDT_BTC,1620756000,87.38768285257991,83.01829870995091,85.43221463849572,84.7839857640121,114921068
USDT_BTC,1620752400,89.77365357539543,85.28497089662565,86.75857486962649,87.60887715200288,124546833.9
USDT_BTC,1620748800,84.8983260918834,80.65340978728923,82.69016518810514,83.16433639760359,196021598.7
USDT_BTC,1620745200,86.99464245424042,82.6449103315284,84.42794428975188,84.58257409326741,169655496.4
USDT_BTC,1620741600,85.55242184145551,81.27480074938273,84.11842123009073,83.02721442625156,173825464.5
USDT_BTC,1620738000,85.70472093085093,81.41948488430837,83.12845786421356,83.23212107886788,214886710.9
USDT_BTC,1620734400,85.07690824883362,80.82306283639193,83.04188612182907,82.63877618950782,212945648.8
USDT_BTC,1620730800,83.2355767219569,79.07379788585905,80.85527284389491,81.27453554761634,152021385
USDT_BTC,1620727200,86.83841022236138,82.4964897112433,84.77370616346845,84.7645181800884,143067532.9
USDT_BTC,1620723600,89.66823755718832,85.1848256793289,88.17815859586266,87.23294055221916,143200712
USDT_BTC,1620720000,89.84909395450643,85.35663925678111,88.00411064212311,87.47384312037086,174033659.9
USDT_BTC,1620716400,86.32844645320138,82.0120241305413,84.23582260687928,84.37169038071224,108985479.5
USDT_BTC,1620712800,85.95470825968715,81.65697284670279,83.93546471351735,84.14355111405415,140932264
USDT_BTC,1620709200,87.63484984530928,83.2531073530438,84.9908148055036,85.37998198409055,129084658.7
USDT_BTC,1620705600,86.22941010958793,81.91793960410853,84.04784691557582,84.35339479957652,146422537.9
USDT_BTC,1620702000,83.21547597701004,79.05470217815954,81.43518760206895,80.96126562445241,192696232.3
USDT_BTC,1620698400,87.70615370391386,83.32084601871816,84.58560386167642,85.37439971177695,199929706.3
USDT_BTC,1620694800,89.88742328620178,85.39305212189169,88.04956800705315,87.09777271331124,200051672.7
USDT_BTC,1620691200,82.79187520920367,78.65228144874348,81.00987406578338,80.80301629740637,198586929.2
USDT_BTC,1620687600,84.99362423086578,80.74394301932249,82.81052770596212,82.33742066585091,166505745.4
USDT_BTC,1620684000,87.31048290835183,82.94495876293423,84.87495417310632,84.69367258405023,188409471.2
USDT_BTC,1620680400,87.14930788246716,82.79184248834379,84.99074327070183,85.18505537084604,167433158.8
USDT_BTC,1620676800,86.55254748576976,82.22492011148127,84.29531827256227,84.17077749537007,628919850
USDT_BTC,1620673200,85.43649277038007,81.16466813186106,82.6540215864234,82.4074390648644,351004098.6
USDT_BTC,1620669600,86.51159976810703,82.18601977970168,84.01366050734472,84.64583945852425,250966493
USDT_BTC,1620666000,85.47631148969585,81.20249591521105,82.99864673705717,84.641475854522,234213812.8
USDT_BTC,1620662400,83.72891786311465,79.54247196995891,82.08240036382517,81.45149161026795,246192433
USDT_BTC,1620658800,82.37474616374898,78.25600885556153,80.81752986853802,80.389767214207,315255459.1
USDT_BTC,1620655200,84.50289910733675,80.2777541519699,82.72361673064177,82.23453866327345,234834031.1
USDT_BTC,1620651600,84.92091836418503,80.67487244597577,83.31578061669457,82.39109888829228,196355379.5
USDT_BTC,1620648000,82.86133841797032,78.7182714970718,80.76512138466836,80.97667711943238,202636698.6
USDT_BTC,1620644400,84.24979025843876,80.03730074551682,82.74391380983899,81.18636829048104,209370685.5
USDT_BTC,1620640800,81.22515997328253,77.1639019746184,79.4194994419511,79.11885755687362,156187329.4
USDT_BTC,1620637200,81.54656366171608,77.46923547863027,80.39336202013475,80.3845935474821,189540888.7
USDT_BTC,1620633600,82.20405167244903,78.09384908882657,80.22430294215137,80.51032727736713,168957552.9
USDT_BTC,1620630000,82.5366287053729,78.40979727010425,80.5044580742707,80.417683890455,146907008.7
USDT_BTC,1620626400,86.15939453816473,81.85142481125649,84.0784924439066,83.64522012818799,106084476.6
USDT_BTC,1620622800,79.14422978828952,75.18701829887505,77.3088989510346,77.41438513643145,148774470.5
USDT_BTC,1620619200,80.30575081032956,76.29046326981307,78.19333264971365,78.56914770400573,181527842.5
USDT_BTC,1620615600,78.73718917118546,74.80032971262618,76.713527478386,76.77641875118067,212740172
USDT_BTC,1620612000,80.95734034101378,76.90947332396308,78.33371705408832,78.4377012242351,127334860.2
USDT_BTC,1620608400,79.42416913642488,75.45296067960363,77.8458234893312,78.06431738255768,141956981.8
USDT_BTC,1620604800,77.61675214301313,73.73591453586248,75.59996715820147,75.74632811407277,159673740.2
USDT_BTC,1620601200,80.74718081177032,76.7098217711818,78.47125044773418,79.02654507330003,118302824
USDT_BTC,1620597600,80.03965148530813,76.03766891104272,78.28924738521668,78.73536321508698,128249358.8
USDT_BTC,1620594000,82.26084938146691,78.14780691239356,80.7227427876475,80.69249657873377,111504698.6
USDT_BTC,1620590400,77.2173237871029,73.35645759774775,75.35733481993977,75.5732412812184,154297201.6
USDT_BTC,1620586800,80.05593696448288,76.05314011625873,78.35115578793511,77.41158022901124,142841978.4
USDT_BTC,1620583200,79.48377464352794,75.50958591135154,77.64497147118196,77.81422551542855,87961358.68
USDT_BTC,1620579600,79.3071718758965,75.34181328210167,77.68596413785855,76.68674638267629,92803132.3
USDT_BTC,1620576000,82.29963235672311,78.18465073888694,81.2065114125028,80.1407619727503,144133783.7
USDT_BTC,1620572400,81.25988026857614,77.19688625514733,78.87727648546198,79.96034963345585,108258429.3
USDT_BTC,1620568800,77.64046214012743,73.75843903312105,75.63263934764173,75.19249998765872,128578309.9
USDT_BTC,1620565200,76.9860360540859,73.1367342513816,74.80105413180648,75.37370558622925,202331949.6
USDT_BTC,1620561600,80.11330167316643,76.1076365895081,78.85176432740143,78.03457034675114,418959979.9
USDT_BTC,1620558000,78.8133945597798,74.8727248317908,76.17548208607019,76.52409449922308,125199288.1
USDT_BTC,1620554400,79.25537622551325,75.29260741423758,77.7686920794199,77.95000839381748,142785493.3
USDT_BTC,1620550800,82.20770261558029,78.09731748480127,81.23402402274836,79.23121648272193,168676077.6
